{"cameraMode":{"drawMode":0,"name":"Shaded","section":"Shading Mode"},"sceneLighting":false,"audioPlay":false,"sceneViewState":{"m_AlwaysRefresh":false,"showFog":true,"showSkybox":false,"showFlares":true,"showImageEffects":true,"showParticleSystems":true,"showVisualEffectGraphs":true,"m_FxEnabled":true},"in2DMode":false,"pivot":{"x":10.547897338867188,"y":3.9347217082977297,"z":10.578787803649903},"rotation":{"x":-0.15467965602874757,"y":0.46221619844436648,"z":-0.08225192129611969,"w":-0.8692744970321655},"size":2.673480272293091,"orthographic":false}