{"cameraMode":{"drawMode":0,"name":"Shaded","section":"Shading Mode"},"sceneLighting":false,"audioPlay":false,"sceneViewState":{"m_AlwaysRefresh":false,"showFog":true,"showSkybox":false,"showFlares":true,"showImageEffects":true,"showParticleSystems":true,"showVisualEffectGraphs":true,"m_FxEnabled":true},"in2DMode":false,"pivot":{"x":0.6470265984535217,"y":1.8850560188293458,"z":12.199853897094727},"rotation":{"x":-0.28834161162376406,"y":0.17370159924030305,"z":-0.053277719765901569,"w":-0.9401177763938904},"size":2.8945939540863039,"orthographic":false}